dataset,group,model,dimension,N,Pred-Len,BLEU,ROUGE-L,METEOR,BERT-F1,SBERT-Cos,SPICE,CLIP-Cos
ArtiMuse,General MLLMs,InternVL3.5-8B,Composition & Structure,998,164.65831663326654,0.040386885510715904,0.2276784692451056,0.2669706390731545,0.6487732340912064,0.7383825094224455,0.1940028340323873,0.2863435770472687
ArtiMuse,General MLLMs,InternVL3.5-8B,Emotion & Viewer Response,998,123.98897795591182,0.04683728143448766,0.22552325312012894,0.24092025290953964,0.6691695581337732,0.789262860057827,0.19168198378656787,0.29460889816224456
ArtiMuse,General MLLMs,InternVL3.5-8B,Originality & Creativity,998,129.63527054108218,0.0362366957530531,0.2013633257761029,0.21537078231383452,0.6486985362722782,0.7631902452819572,0.16106763880286357,0.2953760573912957
ArtiMuse,General MLLMs,InternVL3.5-8B,Overall Evaluation,998,123.57214428857715,0.04594709080181863,0.23122064606946466,0.23604369736884492,0.669056136526899,0.7626427452645465,0.18349853814086975,0.2980271982615123
ArtiMuse,General MLLMs,InternVL3.5-8B,Overall Gestalt,998,141.52705410821645,0.041624254939399384,0.2284889053911596,0.24482039561009056,0.6597628116249321,0.7602576495172504,0.17611978588490637,0.2822793172989675
ArtiMuse,General MLLMs,InternVL3.5-8B,Technical Execution,998,170.45490981963928,0.034949390386039905,0.21155964966484106,0.24665320759731343,0.6485095272561113,0.711351679029589,0.17689032116540818,0.2827824550216088
ArtiMuse,General MLLMs,InternVL3.5-8B,Theme & Communication,998,139.18737474949899,0.04465578414501949,0.22993750829014117,0.26288854042906595,0.6669944537904315,0.755847971968517,0.17718939046401702,0.2959208375137889
ArtiMuse,General MLLMs,InternVL3.5-8B,Visual Elements,998,160.26452905811624,0.0431856662142877,0.22963182072132293,0.26768936049809305,0.6648506628487535,0.7691218742805874,0.19988863820820613,0.28796849623770415
ArtiMuse,General MLLMs,GLM-4.6V-Flash,Composition & Structure,998,192.84669338677355,0.02652438486442625,0.21512843317277466,0.2594250804056357,0.6195899534201574,0.7678624581478402,0.18211390346386083,0.2777834839237955
ArtiMuse,General MLLMs,GLM-4.6V-Flash,Emotion & Viewer Response,998,168.6492985971944,0.02506878042190481,0.19942591573137336,0.2433934373171868,0.6349002321760258,0.8121332745394392,0.16562712432638982,0.2888438746273398
ArtiMuse,General MLLMs,GLM-4.6V-Flash,Originality & Creativity,998,162.07014028056113,0.028887777988479205,0.19291478322736674,0.23698246194616146,0.6436245032923972,0.7833764459303243,0.16001236941167285,0.2922123041683304
ArtiMuse,General MLLMs,GLM-4.6V-Flash,Overall Evaluation,998,96.76152304609218,0.05850887919263409,0.24079353793337613,0.23676047526893906,0.683088138311325,0.781680381339872,0.1871071401779992,0.3049127404131966
ArtiMuse,General MLLMs,GLM-4.6V-Flash,Overall Gestalt,998,159.92384769539078,0.03199127558339119,0.21290528660864258,0.25278511848641816,0.6511427120479171,0.780490385267682,0.16633453291721453,0.2809043582939433
ArtiMuse,General MLLMs,GLM-4.6V-Flash,Technical Execution,998,178.2565130260521,0.023595751952211513,0.19859383301375666,0.2331972370010738,0.633158501618372,0.755874829445191,0.17426409704016538,0.2634774361380594
ArtiMuse,General MLLMs,GLM-4.6V-Flash,Theme & Communication,998,175.24749498997997,0.022809859267462453,0.20580978807858735,0.24811209318459157,0.631627402109708,0.7719167853763442,0.15189491935182245,0.27329793403705277
ArtiMuse,General MLLMs,GLM-4.6V-Flash,Visual Elements,998,176.12725450901803,0.018400703651569972,0.19473999054497015,0.23580313669047429,0.6186197077582977,0.7844495748828552,0.1740327461718049,0.2728105824224218
ArtiMuse,General MLLMs,Qwen3.5-9B,Composition & Structure,998,199.14829659318636,0.028015054210056643,0.203667078120167,0.2695835664279731,0.6377613491309668,0.7616456833654989,0.17623181566805587,0.2562174560252077
ArtiMuse,General MLLMs,Qwen3.5-9B,Emotion & Viewer Response,998,196.59819639278558,0.0223818111305549,0.1841813440284989,0.24867285794732577,0.6424545276618912,0.7806250811937099,0.14842409971586426,0.26080163619023766
ArtiMuse,General MLLMs,Qwen3.5-9B,Originality & Creativity,998,194.74048096192385,0.023511889855583452,0.17020643928040766,0.24647655985053424,0.6501032637211985,0.7373024847261413,0.14898215509570778,0.2523083812622484
ArtiMuse,General MLLMs,Qwen3.5-9B,Overall Evaluation,998,205.875751503006,0.031433695630690546,0.1844899587204433,0.2554292344226624,0.6453693828625765,0.7109956114827273,0.13728501918398794,0.26515440145630637
ArtiMuse,General MLLMs,Qwen3.5-9B,Overall Gestalt,998,197.48997995991985,0.02474192676905874,0.18750411711157253,0.2515177641150925,0.6416359660262335,0.7671242548611933,0.1405498755854926,0.26007526785224855
ArtiMuse,General MLLMs,Qwen3.5-9B,Technical Execution,998,203.11723446893788,0.027763421543062577,0.18999255228717365,0.24590914000105102,0.6455273429353634,0.7306422948060867,0.14606118312219368,0.24559956499354874
ArtiMuse,General MLLMs,Qwen3.5-9B,Theme & Communication,998,192.0420841683367,0.026243411830102096,0.198125445698188,0.25845550679275453,0.6453114933145787,0.7581973560826334,0.1459241148828103,0.2730779433566965
ArtiMuse,General MLLMs,Qwen3.5-9B,Visual Elements,998,196.59919839679358,0.02543458733809474,0.19414769538979623,0.25675722961359965,0.6495682145048955,0.770328066481617,0.15662067491686912,0.26116337244938276
ArtiMuse,General MLLMs,Qwen3-VL-8B,Composition & Structure,998,197.93587174348698,0.028629115423987484,0.20866513373085419,0.26943739847540366,0.6373017065391273,0.7752916155334465,0.18426576295304326,0.2649839544791975
ArtiMuse,General MLLMs,Qwen3-VL-8B,Emotion & Viewer Response,998,197.87775551102203,0.02490016682467569,0.18882379175038252,0.2502857179948352,0.6465888958655761,0.8142497483976857,0.1571036111819236,0.28076675611889673
ArtiMuse,General MLLMs,Qwen3-VL-8B,Originality & Creativity,998,186.10521042084167,0.025453935869657215,0.1775082912629954,0.24287760753535806,0.6563272562796224,0.7901481877049368,0.1517669542711806,0.27945537917420477
ArtiMuse,General MLLMs,Qwen3-VL-8B,Overall Evaluation,998,195.6753507014028,0.034208705832538606,0.1959995473156296,0.26931120965152366,0.6597854757237291,0.780561401723382,0.159164713234695,0.26738320765848866
ArtiMuse,General MLLMs,Qwen3-VL-8B,Overall Gestalt,998,194.14829659318636,0.025172719326046932,0.19003898083938517,0.24054384127634307,0.629057671120745,0.7697285888548604,0.13819483326981646,0.24355732817538756
ArtiMuse,General MLLMs,Qwen3-VL-8B,Technical Execution,998,192.44689378757516,0.025749519126591815,0.1916962109209648,0.24909392413144013,0.6513796380024873,0.752362610940226,0.15971669281334305,0.24602792871918133
ArtiMuse,General MLLMs,Qwen3-VL-8B,Theme & Communication,998,196.4689378757515,0.03246526697732588,0.20535207799452498,0.2727833803052226,0.6637032646573856,0.7972723766414818,0.15539090311410747,0.2767278373331011
ArtiMuse,General MLLMs,Qwen3-VL-8B,Visual Elements,998,198.53507014028057,0.027630457279260594,0.2030742131617768,0.2683549524204167,0.6522500133347177,0.786081058348348,0.17807903147817558,0.2683042059232572
ArtiMuse,General MLLMs,LLaVA-OneVision-8B,Composition & Structure,998,102.49799599198397,0.08041501631922231,0.2732513885351085,0.25395453168256754,0.6871147960842492,0.7919393896100995,0.21585799088941246,0.28447899809163174
ArtiMuse,General MLLMs,LLaVA-OneVision-8B,Emotion & Viewer Response,998,89.13026052104209,0.0772120145964387,0.2537023608261437,0.23835597989540402,0.6884669986420977,0.8037662612412401,0.20477482411176245,0.2945461042434395
ArtiMuse,General MLLMs,LLaVA-OneVision-8B,Originality & Creativity,998,121.3627254509018,0.04783469157337657,0.21135273434576793,0.2288112885652674,0.6659835093843196,0.7883224646768016,0.17404587403592267,0.3007479983574164
ArtiMuse,General MLLMs,LLaVA-OneVision-8B,Overall Evaluation,998,83.8817635270541,0.062156753661333636,0.24563014742311337,0.22343264897463141,0.6863240164243626,0.7615243659349147,0.1855020643295559,0.2946156685899398
ArtiMuse,General MLLMs,LLaVA-OneVision-8B,Overall Gestalt,998,100.2434869739479,0.06285124818947019,0.24480355047450886,0.2418453935992894,0.6883206563984942,0.7883202983047776,0.18703793037055153,0.29485167418130653
ArtiMuse,General MLLMs,LLaVA-OneVision-8B,Technical Execution,998,99.56713426853707,0.0673987514422452,0.24736996080709672,0.24227246343405726,0.6952609677233533,0.7775148618555738,0.20416730265464328,0.27665137571239756
ArtiMuse,General MLLMs,LLaVA-OneVision-8B,Theme & Communication,998,117.3817635270541,0.05954090353388717,0.24779984069793645,0.2629477701865573,0.6869556638066898,0.7945373275117549,0.18738830749433508,0.30940380891064606
ArtiMuse,General MLLMs,LLaVA-OneVision-8B,Visual Elements,998,115.49098196392785,0.06987048718237636,0.25550935698051686,0.26395490918255593,0.6917876500882701,0.7948101867953379,0.2138684634349889,0.3087823700480805
ArtiMuse,IAA-specific MLLMs,UNIAA,Composition & Structure,998,60.78056112224449,0.03523578049627638,0.24615276763483615,0.17229110906533623,0.6580079023489255,0.6895028778570209,0.14928271388892148,0.2538579886775456
ArtiMuse,IAA-specific MLLMs,UNIAA,Emotion & Viewer Response,998,40.09418837675351,0.027613685110774156,0.23056836639436204,0.1447929392925302,0.6532008131305297,0.7059029143654512,0.1483828697097655,0.26233878631689744
ArtiMuse,IAA-specific MLLMs,UNIAA,Originality & Creativity,998,45.857715430861724,0.023167612777060115,0.20245201589583944,0.13939658433296573,0.6437811152729577,0.6661667867688712,0.11952391133998633,0.26970447226612265
ArtiMuse,IAA-specific MLLMs,UNIAA,Overall Evaluation,998,49.686372745490985,0.02110397116761907,0.19767395984596295,0.14574822207064936,0.6549216881543697,0.6537832609995573,0.12618394335457575,0.25652547840603845
ArtiMuse,IAA-specific MLLMs,UNIAA,Overall Gestalt,998,53.86372745490982,0.024721434878583325,0.20943085651906992,0.15852362226137465,0.6541420957726801,0.6784552750224341,0.13927719868113472,0.26164872163462494
ArtiMuse,IAA-specific MLLMs,UNIAA,Technical Execution,998,56.98997995991984,0.03539017412826757,0.2218962575618708,0.16811236594056944,0.6694457950835715,0.6820130413603448,0.16240323901770584,0.24018075402251227
ArtiMuse,IAA-specific MLLMs,UNIAA,Theme & Communication,998,47.604208416833664,0.028469121520506957,0.2346914662519134,0.15829650869660727,0.6626789069366837,0.6723527596864051,0.1385136045378332,0.27751004064310053
ArtiMuse,IAA-specific MLLMs,UNIAA,Visual Elements,998,84.47294589178357,0.0609297272775923,0.2488251273271577,0.22015938437028001,0.6799366439511637,0.7314270927994428,0.175066140408034,0.275413816567055
ArtiMuse,IAA-specific MLLMs,UniPercept,Composition & Structure,998,91.4308617234469,0.15266556693817926,0.3224351677811918,0.31776227186081196,0.7214336005862586,0.8469434408601635,0.30508052993486195,0.28637240698676786
ArtiMuse,IAA-specific MLLMs,UniPercept,Emotion & Viewer Response,998,80.85971943887776,0.09915636379976249,0.2838045036952095,0.2839700797931888,0.7171467623873082,0.8387617918556344,0.2500212516756322,0.2888422638536216
ArtiMuse,IAA-specific MLLMs,UniPercept,Originality & Creativity,998,78.10521042084169,0.12129191917668684,0.2929801824909779,0.3005550874535822,0.7459431610747664,0.8437189000223825,0.26377494525173245,0.3003323907424548
ArtiMuse,IAA-specific MLLMs,UniPercept,Overall Evaluation,998,84.22344689378758,0.09563550855976966,0.2748124993464611,0.27644054191444956,0.7046870079809774,0.8105574072542076,0.22415139487353156,0.282758490012619
ArtiMuse,IAA-specific MLLMs,UniPercept,Overall Gestalt,998,83.05110220440882,0.10172198694176256,0.2746746056360224,0.27466297173354454,0.7145857601641176,0.8209767295626218,0.21518406502858048,0.2810790289589064
ArtiMuse,IAA-specific MLLMs,UniPercept,Technical Execution,998,81.07314629258516,0.1089061536564107,0.29104443982174644,0.2743510701174664,0.7168661113492473,0.8090542414503729,0.2547534412566613,0.27176474034786224
ArtiMuse,IAA-specific MLLMs,UniPercept,Theme & Communication,998,86.187374749499,0.12562972280390106,0.31061915284271047,0.29872423490155026,0.7186139037231644,0.833483131412036,0.24991111989792134,0.30082772283969755
ArtiMuse,IAA-specific MLLMs,UniPercept,Visual Elements,998,88.59619238476954,0.11958270898978336,0.3076610097834303,0.30652444860400135,0.7226495609613124,0.8340107614626149,0.272867879875377,0.2903191356477374
ArtiMuse,IAA-specific MLLMs,Aes-R1,Composition & Structure,998,195.90981963927857,0.044820546294618936,0.21553135617730979,0.29257321661531743,0.6782693494417386,0.782743764843396,0.1888319331058329,0.29406542932700536
ArtiMuse,IAA-specific MLLMs,Aes-R1,Emotion & Viewer Response,998,202.33066132264528,0.038218385239266725,0.1944574067953297,0.2830993952697681,0.6797253809018221,0.8265826172962456,0.17107885213187296,0.31305352906007805
ArtiMuse,IAA-specific MLLMs,Aes-R1,Originality & Creativity,998,199.64228456913827,0.03335786355900287,0.17839384593093446,0.26449420749752517,0.6738230818975903,0.8102180515238661,0.15814227662964547,0.30850348346876
ArtiMuse,IAA-specific MLLMs,Aes-R1,Overall Evaluation,998,202.76753507014027,0.043084684168379364,0.20132444961531482,0.2891975204031038,0.6814368560701191,0.824726219645483,0.17798512247238893,0.3118026830808433
ArtiMuse,IAA-specific MLLMs,Aes-R1,Overall Gestalt,998,204.8557114228457,0.04351943232901982,0.20524890174651314,0.29102788041120264,0.6837165922464016,0.8284381765401913,0.16942445034021109,0.3090264995494682
ArtiMuse,IAA-specific MLLMs,Aes-R1,Technical Execution,998,198.7304609218437,0.03341071043948883,0.1931364307027724,0.2724386207856216,0.6670029961871718,0.7668434505113858,0.1715464028634495,0.2948564572450154
ArtiMuse,IAA-specific MLLMs,Aes-R1,Theme & Communication,998,204.70240480961922,0.03746306934062807,0.19805397760960824,0.2813002593932261,0.6755319751933486,0.797023604592245,0.16186082655043998,0.31364960660915336
ArtiMuse,IAA-specific MLLMs,Aes-R1,Visual Elements,998,203.17434869739478,0.041140702985523435,0.20071803552560302,0.2885584227508321,0.6811139613449693,0.7868278879440858,0.18326762234965735,0.30823376968891203
ArtiMuse,IAA-specific MLLMs,ArtQuant,Composition & Structure,998,142.4569138276553,0.053733835944004354,0.22918614377235896,0.25408238979020653,0.6681244169065135,0.7362502453501574,0.16630780903936576,0.27567669708946185
ArtiMuse,IAA-specific MLLMs,ArtQuant,Emotion & Viewer Response,998,154.7184368737475,0.042532140784729194,0.2131796069633342,0.24775071940223056,0.6667280972362282,0.7868803913942081,0.1693541211715859,0.2839511682340998
ArtiMuse,IAA-specific MLLMs,ArtQuant,Originality & Creativity,998,140.3617234468938,0.034027976054489914,0.188294818132958,0.20507516306326498,0.6494910580242326,0.7506722385037639,0.14098692428507076,0.28088941275774837
ArtiMuse,IAA-specific MLLMs,ArtQuant,Overall Evaluation,998,113.89478957915831,0.058206305668401355,0.19473955300658238,0.20429791501386488,0.6523496918902846,0.7075350208278888,0.14837098331335186,0.2702090423964785
ArtiMuse,IAA-specific MLLMs,ArtQuant,Overall Gestalt,998,103.69739478957916,0.05828844250226648,0.18879356340781944,0.1918296815430645,0.6531186414386084,0.7130106811697234,0.13937673821679752,0.2650396650683187
ArtiMuse,IAA-specific MLLMs,ArtQuant,Technical Execution,998,101.79458917835672,0.04094582397567877,0.17416609359262147,0.1729038554631892,0.6502308875382066,0.6727026500897799,0.1316010642424638,0.26292615310701434
ArtiMuse,IAA-specific MLLMs,ArtQuant,Theme & Communication,998,143.0380761523046,0.04201048128231971,0.21112853843453633,0.23011181247244236,0.6642379578583704,0.7370985143468949,0.15023042940779505,0.28145618079778906
ArtiMuse,IAA-specific MLLMs,ArtQuant,Visual Elements,998,104.56012024048096,0.053249641545301485,0.18588287189614308,0.18844015407172507,0.6518044471740723,0.7049299801040986,0.1412559347031066,0.26659361682160343
