dataset,model,metric_artifact_sha256,prediction_sha256
ArtiMuse,InternVL3.5-8B,8badb1c3893cfda53121d9c04ebc427155de1790737065e9fb0b42e8a4b3c604,cf1ed7af3e7638a4b81d7c1ce4d3bc61874dbbbd3ae7e010e989a258650f8bc5
ArtiMuse,GLM-4.6V-Flash,7ab462b57cd2bfd6f90b889bd0e84f7b49012a6f9118c998a4e1e7aa09fde944,e81168db379abc08328d74c0d87d09a0b2475640db953527a13f9b62684c679d
ArtiMuse,Qwen3.5-9B,df0ea419ddade933e2dbf422f3a4f4f43ff67349e73893e7a5fd3fd5075e3bfb,24e0aad392bb0070a81116982b5fa8be880fdaf2cc6cff7b880c5f8d982b5ec0
ArtiMuse,Qwen3-VL-8B,1c9d7a380b07fb3d89642dd1e2bde33d5397a75b52a5825dc7aba8f5f8793ddc,9462c21405aa00862d576c3e1970cdee289771e4b7eadb8d41f11826a3e6d645
ArtiMuse,LLaVA-OneVision-8B,6a6d613b4603686d21ca47fe083df7555dcf5c726425b249436aa9dff77097d4,caae1a28a7881bb91a5f47c67d48e70c13e88c4f2b01550746e20d5222b3729f
ArtiMuse,UNIAA,6cfbc5c98eb126b838a39ca8aefb49a2802e193dacdce657ff0c66c3f579351d,88ea8491165f6a8b5e3b5df75e61367689537779cfd9fbad4fd7e6388506c724
ArtiMuse,UniPercept,4bcd802e86be5723eb400360836661ff2e5ee36b3ae959c8b33462822b1d66e6,33d41648c20978cd31db1b2370464dab61b8c53d67c529871e2d6d52d3ec1845
ArtiMuse,Aes-R1,017a92c9622a2f4364a18d6203331b0e665cbe5ac6d72bff32f98f11e427ba87,4cc20a8182e1ed89c419e9b473b47ccb7f5e5536d7bc5faa430049eb91bad37d
ArtiMuse,ArtQuant,5b80b8338801249bfd532bcc0c2edc7ddf309731b77c974ce1fa4420e923a65e,dff9466f597a5af3ca1d93d48175deed9d2ab4593d5938b8bf3f01b041fe307c
UNIAA,InternVL3.5-8B,5ee4dc1932d72633477875e0a2f0cf56c1cccc842493736afb48f35ab0ed6c8b,4ed972b1a64ac650dcd97f3c73f91f4fc411a835bf001585d943834ae8d63d03
UNIAA,GLM-4.6V-Flash,45192406ee97d6c437fbd5b285e064ac4ff00af7c875335b6012ee4efac341fd,bbd8177d4591adc461bc4ed947eaef9f929a5e9f3faa02624e13171915992e54
UNIAA,Qwen3.5-9B,cbaf9dfc90beac2613c4c35fb1acea041f148b76da762b21a9e8ad0b34e96151,919daaa4c32f9cef74cc22ed67d0680d6e44a33ee15b934778194a923e17ff67
UNIAA,Qwen3-VL-8B,0506ceb2970d25eb94280f8c0a2f8b782c83254d5e70be6bb6ba13e1718f610f,6138e31cb3746bd59ca07d50796389c8f0f57e0d3c5af6487ebb2cf669a8e8c2
UNIAA,LLaVA-OneVision-8B,673627c952b956d261bea678c120345cb911601908d7fdeeb988fd92021df8a2,d8585b7775d47d8b0422fe01cd0c7c7d54c78be7ca3b434e4cfa7e2ea214cb81
UNIAA,UNIAA,890e5fe5c99d4841abbabadd763e816cd54d9b87c31afe8e3094da9bdb545b12,e51a32ad640618ca645d70ad7055b81ee9080eb1065b84d6300698a973cdddce
UNIAA,UniPercept,d04e453ef00cbb827f7610743f19c1837802a844b8f809aadeaa4ec8b4571ffb,d58f8188e35e5906614412a1b665546345576c8788c77360e721e76def5b7402
UNIAA,Aes-R1,624905c725e7e3081afd69f7e481f82bcc0fa74a7f2c292538c218ef8fadfeec,e81eb2f3f074fdac68b34ab9f44a45ea4ea83f25eedae8806351e50c01208891
UNIAA,ArtQuant,954658b83676836e36b84e69c5bc7bd89c4cc84e4e00cd4fe1419afe34258b12,0611b22b1773c797d5e296f630320c63d61385722f1eb4e6693c951ae9c333f3
