dataset,protocol,group,model,N,Pred-Len,BLEU,ROUGE-L,METEOR,BERT-F1,SBERT-Cos,SPICE,CLIP-Cos,validity_status,primary_analysis
ArtiMuse,artimuse_description_0shot_v1,General MLLMs,InternVL3.5-8B,7984,144.16107214428857,0.04147095165676167,0.22317544728478336,0.24766960947499206,0.6594768649187379,0.7562571916624695,0.18254239131065325,0.2904133544805532,validated,true
ArtiMuse,artimuse_description_0shot_v1,General MLLMs,GLM-4.6V-Flash,7984,163.73534569138278,0.027496627071943572,0.20753894603885595,0.2433073800375601,0.6394688932594651,0.7797230172618657,0.17017335410761625,0.28178033985399115,validated,true
ArtiMuse,artimuse_description_0shot_v1,General MLLMs,Qwen3.5-9B,7984,198.20140280561122,0.026300700158599283,0.1890393288295309,0.25410023239637414,0.6447164422733511,0.7521076041137527,0.1500098672713727,0.2592997533775015,validated,true
ArtiMuse,artimuse_description_0shot_v1,General MLLMs,Qwen3-VL-8B,7984,194.89917334669337,0.028083565056978812,0.1951447808720642,0.25783600397381795,0.6495492398843378,0.7832119479954601,0.16046031278953563,0.26590082525576136,validated,true
ArtiMuse,artimuse_description_0shot_v1,General MLLMs,LLaVA-OneVision-8B,7984,103.69451402805612,0.06612547938661564,0.24742741751127406,0.2444468731900413,0.6862767823413761,0.7875918949093812,0.1965803446651465,0.29550974956528847,validated,true
ArtiMuse,artimuse_description_0shot_v1,IAA-specific MLLMs,UNIAA,7984,54.9187124248497,0.033337157549313996,0.22396135217887653,0.1634150920037891,0.6595143720522553,0.6849505007341653,0.14482920261724458,0.26214750726261216,validated,true
ArtiMuse,artimuse_description_0shot_v1,IAA-specific MLLMs,UniPercept,7984,84.19088176352706,0.11623722234053681,0.2947539451747187,0.2916238382973244,0.7202407330655323,0.8296882988799191,0.2544680784742873,0.2877870226476737,validated,true
ArtiMuse,artimuse_description_0shot_v1,IAA-specific MLLMs,Aes-R1,7984,201.51415330661322,0.03940929341284907,0.19835805051292318,0.2828361903908246,0.6775775240185504,0.8029254714404056,0.1727671858054373,0.3066489322275252,validated,true
ArtiMuse,artimuse_description_0shot_v1,IAA-specific MLLMs,ArtQuant,7984,125.56525551102204,0.04745897342160716,0.19817139865079425,0.21181146135249854,0.6570106488549876,0.7261349637628737,0.14843550054744215,0.2733427420881892,validated,true
UNIAA,uniaa_description_fixed_first_1shot_greedy_v2,General MLLMs,InternVL3.5-8B,500,195.346,0.04399987232176605,0.2252509672362562,0.25750001410844436,0.6545363066196441,0.7477591420412064,0.1717680731309715,0.2979624533951282,validated,true
UNIAA,uniaa_description_fixed_first_1shot_greedy_v2,General MLLMs,GLM-4.6V-Flash,500,203.66,0.04790260964288171,0.22034810232051558,0.2596785898953748,0.6484126998186112,0.7592045994997024,0.1482642014082036,0.3001483719646931,validated,true
UNIAA,uniaa_description_fixed_first_1shot_greedy_v2,General MLLMs,Qwen3.5-9B,500,194.468,0.06814234793404225,0.2526314967860484,0.28651290114548644,0.6797795728445053,0.7712253065109252,0.1869313688311942,0.29381198740005493,validated,true
UNIAA,uniaa_description_fixed_first_1shot_greedy_v2,General MLLMs,Qwen3-VL-8B,500,209.52,0.043356561657473716,0.21074140670141453,0.254380008239515,0.6420330855846405,0.7413751219511032,0.1455288571664652,0.30663143974542617,validated,true
UNIAA,uniaa_description_fixed_first_1shot_greedy_v2,General MLLMs,LLaVA-OneVision-8B,500,140.0,0.055651667327232375,0.23256439676882593,0.23385901381556348,0.6717497382164002,0.7519540140628814,0.17000633783374142,0.29881018272042276,validated,true
UNIAA,uniaa_description_fixed_first_1shot_greedy_v2,IAA-specific MLLMs,UNIAA,500,94.132,0.057979662429726714,0.24594861745569224,0.20251455255872902,0.6775619364976883,0.7582936133146286,0.17566155498358527,0.2702150895744562,validated,true
UNIAA,uniaa_description_fixed_first_1shot_greedy_v2,IAA-specific MLLMs,UniPercept,500,83.278,0.030774299550223067,0.18949017954771372,0.14496149528738783,0.6436895213723183,0.7007214242815971,0.13490809579361476,0.2779547564983368,validated,true
UNIAA,uniaa_description_fixed_first_1shot_greedy_v2,IAA-specific MLLMs,Aes-R1,500,212.272,0.040102459770682934,0.20926256022220935,0.2550726845791707,0.6550284020900726,0.7651438766717911,0.1553384854368685,0.30146538361907005,validated,true
UNIAA,uniaa_description_fixed_first_1shot_greedy_v2,IAA-specific MLLMs,ArtQuant,500,147.52,0.04622277331756691,0.2061936509203271,0.21296732744079303,0.648156135737896,0.6896132362456993,0.13112566427127784,0.2871361054182053,validated,true
