model,family,artimuse_description_status,uniaa_description_status,uniaa_qa_status,checkpoint_repo_id,checkpoint_revision,config_file,config_sha256,limitations
InternVL3.5-8B,General MLLM,validated,validated,validated,OpenGVLab/InternVL3_5-8B,9bb6a56ad9cc69db95e2d4eeb15a52bbcac4ef79,configs/models/examples/internvl35_8b.yaml,08a2210c3ea97a5ee26f2501faf7012079cfe2db69862cbb0bf34966dce0006e,
GLM-4.6V-Flash,General MLLM,validated,validated,validated,zai-org/GLM-4.6V-Flash,411bb4d77144a3f03accbf4b780f5acb8b7cde4e,configs/models/examples/glm46v_flash.yaml,d49b7d79d46941e2d88631a9d60eff84ecdb05f8a705e66c89fcf12e5aa4a582,
Qwen3.5-9B,General MLLM,validated,validated,validated,Qwen/Qwen3.5-9B,c202236235762e1c871ad0ccb60c8ee5ba337b9a,configs/models/examples/qwen35_9b.yaml,9e95139b278fa79294c298930cfea34fee2e41b8cd7c85d899fa9a559784eb09,
Qwen3-VL-8B,General MLLM,validated,validated,validated,Qwen/Qwen3-VL-8B-Instruct,0c351dd01ed87e9c1b53cbc748cba10e6187ff3b,configs/models/examples/qwen3_vl_8b.yaml,c9559240f35c8353cdb104b1bb1baf5509d9d95989a3743f8aaede0435623422,
LLaVA-OneVision-8B,General MLLM,validated,validated,validated,lmms-lab/LLaVA-OneVision-1.5-8B-Instruct,e137910552d616eb0f7305147ca054311a90c542,configs/models/examples/llava_onevision_8b.yaml,86aadb9a6476751a00df64ee3f9a0c14353829ed5d67beef3c184bf18221df2a,
UNIAA,IAA-specific MLLM,validated,validated,validated,KlingAIResearch/UNIAA,unrecorded_local_snapshot,configs/models/examples/uniaa_llava.yaml,92e84581802aa0bac139b331ec4110f544c3797e6d58078d6cc76adbf0eac180,Official checkpoint files were local but did not record a Hub revision.
UniPercept,IAA-specific MLLM,validated,validated,validated,Thunderbolt215215/UniPercept,unrecorded_local_snapshot,configs/models/examples/unipercept.yaml,87a4915365ca786b03e14ef18360881de577c73f1ad22b2cd77cdcbc87eaeabf,Local checkpoint did not record a Hub revision.
Aes-R1,IAA-specific MLLM,validated,validated,validated,ssssmark/Aes-R1,0fa817ed9ac2c819750270feb7856e947e83f8cb,configs/models/examples/aes_r1.yaml,4ddda1689d74013db4447ca3dadf75ab8a016449e119268c11969a78362332e9,
ArtQuant,IAA-specific MLLM,validated_with_template_caveat,validated_with_template_caveat,not_run,MAGAer13/ArtQuant,unrecorded_local_snapshot,configs/models/examples/artquant.yaml,34f1341a11c8808277ea40a433d1b3a8840e5b53a139c8640560b31b1416f2fc,Outputs are template-like but image-dependent and were retained.
ArtiMuse,IAA-specific MLLM,in_domain_only,excluded_from_primary,validated,Thunderbolt215215/ArtiMuse,unrecorded_local_snapshot,configs/models/examples/artimuse.yaml,ce545ef6017237f6b260d2aa2694adc2a0a1ccfc32ed960e7c8d648d69f38755,Excluded from the primary ArtiMuse Description comparison to avoid in-domain advantage and from the released UNIAA Description main table by the predefined analysis scope.
AesExpert,IAA-specific MLLM,invalid_for_protocol,invalid_for_protocol,not_run,qyuan/AesMMIT_LLaVA_v1.5_7b_240325,896973238264ba52730e47188233cd220b0e7a6e,configs/models/examples/aesexpert.experimental.yaml,5a93253e87346b4bc61855011a5f450248961d559ee313ca0158452bf425f40f,Output behavior failed the current Description validity gate.
Q-SiT,IAA-specific MLLM,invalid_for_protocol,invalid_for_protocol,not_run,JiayuGeng/Q-SiT,unrecorded_local_snapshot,configs/models/examples/qsit.experimental.yaml,8732d357914b16f47b759567cafea0d57515234f2e191826c15a8a1ec61f3a2e,16-shot smoke tests copied the demonstration answer across images.
