model_a,model_b,N,a_correct_b_wrong,a_wrong_b_correct,discordant,accuracy_delta_a_minus_b,p_exact,p_holm,significant_0_05
Aes-R1,ArtiMuse,5354,443,540,983,-0.01811729548001495,0.00218321615548475,0.039297890798725504,true
Aes-R1,GLM-4.6V-Flash,5354,544,622,1166,-0.014568546880836752,0.02409363790117157,0.3132172927152304,false
Aes-R1,InternVL3.5-8B,5354,679,583,1262,0.01793051923795297,0.007466493664984935,0.1269303923047439,false
Aes-R1,LLaVA-OneVision-8B,5354,515,594,1109,-0.014755323122898734,0.019128511288122096,0.28692766932183145,false
Aes-R1,Qwen3.5-9B,5354,500,639,1139,-0.02596189764661938,4.244903488484779e-05,0.0008914297325818036,true
Aes-R1,Qwen3-VL-8B,5354,445,618,1063,-0.03231228987672763,1.2455582233315382e-07,3.1138955583288454e-06,true
Aes-R1,UNIAA,5354,626,703,1329,-0.014381770638774771,0.03705350847792892,0.444642101735147,false
Aes-R1,UniPercept,5354,348,747,1095,-0.07452372058274181,4.73270634715282e-34,1.6564472215034868e-32,true
ArtiMuse,GLM-4.6V-Flash,5354,507,488,995,0.0035487485991781975,0.5682667080501432,1.0,false
ArtiMuse,InternVL3.5-8B,5354,724,531,1255,0.03604781471796792,5.633833485165309e-08,1.4647967061429803e-06,true
ArtiMuse,LLaVA-OneVision-8B,5354,507,489,996,0.0033619723571162163,0.5901397295820867,1.0,false
ArtiMuse,Qwen3.5-9B,5354,476,518,994,-0.00784460216660443,0.1934240740966535,1.0,false
ArtiMuse,Qwen3-VL-8B,5354,476,552,1028,-0.014194994396712679,0.019281924143956176,0.28692766932183145,false
ArtiMuse,UNIAA,5354,621,601,1222,0.0037355248412401787,0.5867877043963148,1.0,false
ArtiMuse,UniPercept,5354,249,551,800,-0.056406425102726865,4.605697785753738e-27,1.565937247156271e-25,true
GLM-4.6V-Flash,InternVL3.5-8B,5354,729,555,1284,0.03249906611878972,1.3314841207128374e-06,3.062413477639526e-05,true
GLM-4.6V-Flash,LLaVA-OneVision-8B,5354,425,426,851,-0.00018677624206198118,1.0,1.0,false
GLM-4.6V-Flash,Qwen3.5-9B,5354,398,459,857,-0.011393350765782628,0.040344941734543394,0.444642101735147,false
GLM-4.6V-Flash,Qwen3-VL-8B,5354,391,486,877,-0.017743742995890877,0.0014885684723872923,0.028282800975358555,true
GLM-4.6V-Flash,UNIAA,5354,683,682,1365,0.00018677624206198118,1.0,1.0,false
GLM-4.6V-Flash,UniPercept,5354,379,700,1079,-0.05995517370190506,9.723800123679294e-23,3.111616039577374e-21,true
InternVL3.5-8B,LLaVA-OneVision-8B,5354,507,682,1189,-0.0326858423608517,4.3073310323324945e-07,1.0337594477597987e-05,true
InternVL3.5-8B,Qwen3.5-9B,5354,516,751,1267,-0.04389241688457235,4.326271202509707e-11,1.1680932246776209e-09,true
InternVL3.5-8B,Qwen3-VL-8B,5354,420,689,1109,-0.0502428091146806,6.112986115067788e-16,1.8338958345203363e-14,true
InternVL3.5-8B,UNIAA,5354,678,851,1529,-0.03231228987672774,1.0670375921114503e-05,0.00023474827026451908,true
InternVL3.5-8B,UniPercept,5354,398,893,1291,-0.09245423982069478,4.4568322671694146e-44,1.6044596161809894e-42,true
LLaVA-OneVision-8B,Qwen3.5-9B,5354,437,497,934,-0.011206574523720647,0.05348191696611963,0.5348191696611964,false
LLaVA-OneVision-8B,Qwen3-VL-8B,5354,331,425,756,-0.017556966753828895,0.0007084417387645337,0.014168834775290674,true
LLaVA-OneVision-8B,UNIAA,5354,646,644,1290,0.00037355248412396236,0.9777893616460424,1.0,false
LLaVA-OneVision-8B,UniPercept,5354,330,650,980,-0.05976839745984308,8.425970508816582e-25,2.780570267909472e-23,true
Qwen3.5-9B,Qwen3-VL-8B,5354,394,428,822,-0.006350392230108248,0.24971375569617207,1.0,false
Qwen3.5-9B,UNIAA,5354,692,630,1322,0.01158012700784461,0.093368338769647,0.840315048926823,false
Qwen3.5-9B,UniPercept,5354,396,656,1052,-0.048561822936122434,1.0077728151228123e-15,2.922541163856156e-14,true
Qwen3-VL-8B,UNIAA,5354,716,620,1336,0.017930519237952858,0.009321859448574813,0.149149751177197,false
Qwen3-VL-8B,UniPercept,5354,360,586,946,-0.042211430706014186,1.9830682299641778e-13,5.552591043899697e-12,true
UNIAA,UniPercept,5354,393,715,1108,-0.060141949943967044,2.671309438045637e-22,8.281059257941474e-21,true
