model,group,N,correct,accuracy,valid,invalid,valid_rate,dataset_sha256,prediction_sha256,parser_sha256,validity_status
Aes-R1,IAA-specific MLLMs,5354,4038,0.7542024654463952,5255,99,0.9815091520358611,daecae6402053fd4602325cee42748ce4c1ed45b67f94f7062ba1d619c28f8a5,4d0a50ba5841a71da1dec831b93e0e06e1e49b37775df9794e0e4e7f6e030af7,a8a3a68549a7a71b8c1d3e83978289aaca0e3893b53dba20573be55d9d06804c,validated
ArtiMuse,IAA-specific MLLMs,5354,4135,0.7723197609264102,5288,66,0.9876727680239074,daecae6402053fd4602325cee42748ce4c1ed45b67f94f7062ba1d619c28f8a5,9121a55f2e1ed0ce9cd0cd14f3f78cd5e0f39fa048ee4a9238ed1f7ccd821b14,a8a3a68549a7a71b8c1d3e83978289aaca0e3893b53dba20573be55d9d06804c,validated
GLM-4.6V-Flash,General MLLMs,5354,4116,0.768771012327232,5352,2,0.9996264475158759,daecae6402053fd4602325cee42748ce4c1ed45b67f94f7062ba1d619c28f8a5,b4980a4065128ac431b6a13c8dba32c0239b8276c7cf4d6b58acd0f89daf19d0,a8a3a68549a7a71b8c1d3e83978289aaca0e3893b53dba20573be55d9d06804c,validated
InternVL3.5-8B,General MLLMs,5354,3942,0.7362719462084423,5315,39,0.9927157265595816,daecae6402053fd4602325cee42748ce4c1ed45b67f94f7062ba1d619c28f8a5,686e9d737361d172640d0d776e9c0253f5442f4ba6d133e0331fd8d671a5923b,a8a3a68549a7a71b8c1d3e83978289aaca0e3893b53dba20573be55d9d06804c,validated
LLaVA-OneVision-8B,General MLLMs,5354,4117,0.768957788569294,5351,3,0.999439671273814,daecae6402053fd4602325cee42748ce4c1ed45b67f94f7062ba1d619c28f8a5,5aab7a04b3c7793145da93eade61260a5a79687fa1c851eb8c500918a1dbaf20,a8a3a68549a7a71b8c1d3e83978289aaca0e3893b53dba20573be55d9d06804c,validated
Qwen3.5-9B,General MLLMs,5354,4177,0.7801643630930146,5285,69,0.9871124392977213,daecae6402053fd4602325cee42748ce4c1ed45b67f94f7062ba1d619c28f8a5,fed45caddd942a8e6a750d80030e351cd67c9b16f24a8662daf518c997626157,a8a3a68549a7a71b8c1d3e83978289aaca0e3893b53dba20573be55d9d06804c,validated
Qwen3-VL-8B,General MLLMs,5354,4211,0.7865147553231229,5324,30,0.9943967127381397,daecae6402053fd4602325cee42748ce4c1ed45b67f94f7062ba1d619c28f8a5,9812783e7ca3f6c55b44e910b78b82e9b57fd82e1152193bcb1da84c62c0d567,a8a3a68549a7a71b8c1d3e83978289aaca0e3893b53dba20573be55d9d06804c,validated
UNIAA,IAA-specific MLLMs,5354,4115,0.76858423608517,5353,1,0.999813223757938,daecae6402053fd4602325cee42748ce4c1ed45b67f94f7062ba1d619c28f8a5,29f5d4669a84ac06ddcebf61f990ca4d95cedaaa36581c9d7aedc073f3f62e2b,a8a3a68549a7a71b8c1d3e83978289aaca0e3893b53dba20573be55d9d06804c,validated
UniPercept,IAA-specific MLLMs,5354,4437,0.8287261860291371,5349,5,0.99906611878969,daecae6402053fd4602325cee42748ce4c1ed45b67f94f7062ba1d619c28f8a5,47ad80180c466d280eb52985900a6ccf2cbcde62d158cebea4f88967ab135db6,a8a3a68549a7a71b8c1d3e83978289aaca0e3893b53dba20573be55d9d06804c,validated
