model,group,subgroup_type,subgroup,N,correct,accuracy,valid,valid_rate
Aes-R1,IAA-specific MLLMs,dimension,color,999,734,0.7347347347347347,976,0.9769769769769769
Aes-R1,IAA-specific MLLMs,dimension,composition,1064,745,0.700187969924812,1014,0.9530075187969925
Aes-R1,IAA-specific MLLMs,dimension,content,787,663,0.8424396442185514,777,0.9872935196950444
Aes-R1,IAA-specific MLLMs,dimension,focus,1271,959,0.7545239968528717,1264,0.994492525570417
Aes-R1,IAA-specific MLLMs,dimension,light,769,537,0.6983094928478544,760,0.988296488946684
Aes-R1,IAA-specific MLLMs,dimension,sentiment,464,400,0.8620689655172413,464,1.0
Aes-R1,IAA-specific MLLMs,question_type,how,1319,827,0.6269901440485216,1300,0.9855951478392722
Aes-R1,IAA-specific MLLMs,question_type,what,2238,1719,0.7680965147453083,2158,0.9642537980339589
Aes-R1,IAA-specific MLLMs,question_type,yes_no,1797,1492,0.8302726766833611,1797,1.0
Aes-R1,IAA-specific MLLMs,source,AADB,313,226,0.7220447284345048,313,1.0
Aes-R1,IAA-specific MLLMs,source,AVA,405,285,0.7037037037037037,379,0.9358024691358025
Aes-R1,IAA-specific MLLMs,source,ICC17K,179,103,0.5754189944134078,174,0.9720670391061452
Aes-R1,IAA-specific MLLMs,source,PARA,1176,714,0.6071428571428571,1175,0.9991496598639455
Aes-R1,IAA-specific MLLMs,source,TAD66k,156,140,0.8974358974358975,146,0.9358974358974359
Aes-R1,IAA-specific MLLMs,source,WILD,3125,2570,0.8224,3068,0.98176
ArtiMuse,IAA-specific MLLMs,dimension,color,999,742,0.7427427427427428,973,0.973973973973974
ArtiMuse,IAA-specific MLLMs,dimension,composition,1064,771,0.724624060150376,1059,0.9953007518796992
ArtiMuse,IAA-specific MLLMs,dimension,content,787,676,0.8589580686149937,777,0.9872935196950444
ArtiMuse,IAA-specific MLLMs,dimension,focus,1271,1009,0.7938630999213218,1258,0.989771833202203
ArtiMuse,IAA-specific MLLMs,dimension,light,769,548,0.7126137841352406,759,0.9869960988296489
ArtiMuse,IAA-specific MLLMs,dimension,sentiment,464,389,0.8383620689655172,462,0.9956896551724138
ArtiMuse,IAA-specific MLLMs,question_type,how,1319,901,0.6830932524639879,1275,0.9666413949962093
ArtiMuse,IAA-specific MLLMs,question_type,what,2238,1751,0.7823949955317248,2216,0.9901697944593387
ArtiMuse,IAA-specific MLLMs,question_type,yes_no,1797,1483,0.8252643294379521,1797,1.0
ArtiMuse,IAA-specific MLLMs,source,AADB,313,219,0.6996805111821086,313,1.0
ArtiMuse,IAA-specific MLLMs,source,AVA,405,277,0.6839506172839506,382,0.9432098765432099
ArtiMuse,IAA-specific MLLMs,source,ICC17K,179,102,0.5698324022346368,172,0.9608938547486033
ArtiMuse,IAA-specific MLLMs,source,PARA,1176,814,0.6921768707482994,1142,0.9710884353741497
ArtiMuse,IAA-specific MLLMs,source,TAD66k,156,141,0.9038461538461539,156,1.0
ArtiMuse,IAA-specific MLLMs,source,WILD,3125,2582,0.82624,3123,0.99936
GLM-4.6V-Flash,General MLLMs,dimension,color,999,731,0.7317317317317318,997,0.997997997997998
GLM-4.6V-Flash,General MLLMs,dimension,composition,1064,778,0.731203007518797,1064,1.0
GLM-4.6V-Flash,General MLLMs,dimension,content,787,683,0.8678526048284625,787,1.0
GLM-4.6V-Flash,General MLLMs,dimension,focus,1271,1011,0.7954366640440598,1271,1.0
GLM-4.6V-Flash,General MLLMs,dimension,light,769,554,0.7204161248374512,769,1.0
GLM-4.6V-Flash,General MLLMs,dimension,sentiment,464,359,0.7737068965517241,464,1.0
GLM-4.6V-Flash,General MLLMs,question_type,how,1319,906,0.6868840030326004,1319,1.0
GLM-4.6V-Flash,General MLLMs,question_type,what,2238,1801,0.8047363717605005,2236,0.9991063449508489
GLM-4.6V-Flash,General MLLMs,question_type,yes_no,1797,1409,0.7840845854201447,1797,1.0
GLM-4.6V-Flash,General MLLMs,source,AADB,313,205,0.6549520766773163,313,1.0
GLM-4.6V-Flash,General MLLMs,source,AVA,405,300,0.7407407407407407,405,1.0
GLM-4.6V-Flash,General MLLMs,source,ICC17K,179,107,0.5977653631284916,177,0.9888268156424581
GLM-4.6V-Flash,General MLLMs,source,PARA,1176,791,0.6726190476190477,1176,1.0
GLM-4.6V-Flash,General MLLMs,source,TAD66k,156,149,0.9551282051282052,156,1.0
GLM-4.6V-Flash,General MLLMs,source,WILD,3125,2564,0.82048,3125,1.0
InternVL3.5-8B,General MLLMs,dimension,color,999,649,0.6496496496496497,996,0.996996996996997
InternVL3.5-8B,General MLLMs,dimension,composition,1064,731,0.6870300751879699,1036,0.9736842105263158
InternVL3.5-8B,General MLLMs,dimension,content,787,677,0.8602287166454892,782,0.9936467598475223
InternVL3.5-8B,General MLLMs,dimension,focus,1271,1007,0.7922895357985837,1270,0.999213217938631
InternVL3.5-8B,General MLLMs,dimension,light,769,506,0.657997399219766,768,0.9986996098829649
InternVL3.5-8B,General MLLMs,dimension,sentiment,464,372,0.8017241379310345,463,0.9978448275862069
InternVL3.5-8B,General MLLMs,question_type,how,1319,848,0.6429112964366944,1313,0.9954510993176648
InternVL3.5-8B,General MLLMs,question_type,what,2238,1643,0.7341376228775692,2205,0.985254691689008
InternVL3.5-8B,General MLLMs,question_type,yes_no,1797,1451,0.8074568725653868,1797,1.0
InternVL3.5-8B,General MLLMs,source,AADB,313,228,0.7284345047923323,313,1.0
InternVL3.5-8B,General MLLMs,source,AVA,405,228,0.562962962962963,403,0.9950617283950617
InternVL3.5-8B,General MLLMs,source,ICC17K,179,105,0.5865921787709497,178,0.994413407821229
InternVL3.5-8B,General MLLMs,source,PARA,1176,800,0.6802721088435374,1175,0.9991496598639455
InternVL3.5-8B,General MLLMs,source,TAD66k,156,132,0.8461538461538461,154,0.9871794871794872
InternVL3.5-8B,General MLLMs,source,WILD,3125,2449,0.78368,3092,0.98944
LLaVA-OneVision-8B,General MLLMs,dimension,color,999,731,0.7317317317317318,997,0.997997997997998
LLaVA-OneVision-8B,General MLLMs,dimension,composition,1064,804,0.7556390977443609,1064,1.0
LLaVA-OneVision-8B,General MLLMs,dimension,content,787,686,0.8716645489199492,787,1.0
LLaVA-OneVision-8B,General MLLMs,dimension,focus,1271,1017,0.8001573564122738,1271,1.0
LLaVA-OneVision-8B,General MLLMs,dimension,light,769,514,0.6684005201560468,768,0.9986996098829649
LLaVA-OneVision-8B,General MLLMs,dimension,sentiment,464,365,0.7866379310344828,464,1.0
LLaVA-OneVision-8B,General MLLMs,question_type,how,1319,921,0.6982562547384382,1319,1.0
LLaVA-OneVision-8B,General MLLMs,question_type,what,2238,1769,0.790437890974084,2235,0.9986595174262735
LLaVA-OneVision-8B,General MLLMs,question_type,yes_no,1797,1427,0.7941012799109627,1797,1.0
LLaVA-OneVision-8B,General MLLMs,source,AADB,313,213,0.6805111821086262,313,1.0
LLaVA-OneVision-8B,General MLLMs,source,AVA,405,299,0.7382716049382716,405,1.0
LLaVA-OneVision-8B,General MLLMs,source,ICC17K,179,105,0.5865921787709497,179,1.0
LLaVA-OneVision-8B,General MLLMs,source,PARA,1176,825,0.701530612244898,1176,1.0
LLaVA-OneVision-8B,General MLLMs,source,TAD66k,156,143,0.9166666666666666,156,1.0
LLaVA-OneVision-8B,General MLLMs,source,WILD,3125,2532,0.81024,3122,0.99904
Qwen3.5-9B,General MLLMs,dimension,color,999,763,0.7637637637637638,976,0.9769769769769769
Qwen3.5-9B,General MLLMs,dimension,composition,1064,781,0.7340225563909775,1051,0.9877819548872181
Qwen3.5-9B,General MLLMs,dimension,content,787,678,0.8614993646759848,775,0.9847522236340533
Qwen3.5-9B,General MLLMs,dimension,focus,1271,1013,0.7970102281667978,1263,0.993705743509048
Qwen3.5-9B,General MLLMs,dimension,light,769,566,0.7360208062418726,757,0.9843953185955787
Qwen3.5-9B,General MLLMs,dimension,sentiment,464,376,0.8103448275862069,463,0.9978448275862069
Qwen3.5-9B,General MLLMs,question_type,how,1319,940,0.7126611068991661,1282,0.9719484457922669
Qwen3.5-9B,General MLLMs,question_type,what,2238,1774,0.7926720285969616,2209,0.98704200178731
Qwen3.5-9B,General MLLMs,question_type,yes_no,1797,1463,0.8141346688925988,1794,0.998330550918197
Qwen3.5-9B,General MLLMs,source,AADB,313,216,0.6900958466453674,312,0.9968051118210862
Qwen3.5-9B,General MLLMs,source,AVA,405,305,0.7530864197530864,398,0.9827160493827161
Qwen3.5-9B,General MLLMs,source,ICC17K,179,105,0.5865921787709497,167,0.9329608938547486
Qwen3.5-9B,General MLLMs,source,PARA,1176,834,0.7091836734693877,1144,0.9727891156462585
Qwen3.5-9B,General MLLMs,source,TAD66k,156,143,0.9166666666666666,152,0.9743589743589743
Qwen3.5-9B,General MLLMs,source,WILD,3125,2574,0.82368,3112,0.99584
Qwen3-VL-8B,General MLLMs,dimension,color,999,759,0.7597597597597597,983,0.983983983983984
Qwen3-VL-8B,General MLLMs,dimension,composition,1064,788,0.7406015037593985,1057,0.993421052631579
Qwen3-VL-8B,General MLLMs,dimension,content,787,684,0.8691232528589581,786,0.9987293519695044
Qwen3-VL-8B,General MLLMs,dimension,focus,1271,1049,0.8253343823760818,1268,0.997639653815893
Qwen3-VL-8B,General MLLMs,dimension,light,769,569,0.7399219765929779,766,0.9960988296488946
Qwen3-VL-8B,General MLLMs,dimension,sentiment,464,362,0.7801724137931034,464,1.0
Qwen3-VL-8B,General MLLMs,question_type,how,1319,954,0.7232752084912812,1311,0.9939347990902199
Qwen3-VL-8B,General MLLMs,question_type,what,2238,1812,0.8096514745308311,2216,0.9901697944593387
Qwen3-VL-8B,General MLLMs,question_type,yes_no,1797,1445,0.8041179744017808,1797,1.0
Qwen3-VL-8B,General MLLMs,source,AADB,313,208,0.6645367412140575,313,1.0
Qwen3-VL-8B,General MLLMs,source,AVA,405,289,0.7135802469135802,387,0.9555555555555556
Qwen3-VL-8B,General MLLMs,source,ICC17K,179,108,0.6033519553072626,173,0.9664804469273743
Qwen3-VL-8B,General MLLMs,source,PARA,1176,846,0.7193877551020408,1174,0.9982993197278912
Qwen3-VL-8B,General MLLMs,source,TAD66k,156,147,0.9423076923076923,156,1.0
Qwen3-VL-8B,General MLLMs,source,WILD,3125,2613,0.83616,3121,0.99872
UNIAA,IAA-specific MLLMs,dimension,color,999,807,0.8078078078078078,998,0.998998998998999
UNIAA,IAA-specific MLLMs,dimension,composition,1064,692,0.650375939849624,1064,1.0
UNIAA,IAA-specific MLLMs,dimension,content,787,657,0.8348157560355781,787,1.0
UNIAA,IAA-specific MLLMs,dimension,focus,1271,1023,0.8048780487804879,1271,1.0
UNIAA,IAA-specific MLLMs,dimension,light,769,555,0.7217165149544863,769,1.0
UNIAA,IAA-specific MLLMs,dimension,sentiment,464,381,0.8211206896551724,464,1.0
UNIAA,IAA-specific MLLMs,question_type,how,1319,1021,0.7740712661106899,1319,1.0
UNIAA,IAA-specific MLLMs,question_type,what,2238,1635,0.7305630026809652,2237,0.9995531724754245
UNIAA,IAA-specific MLLMs,question_type,yes_no,1797,1459,0.8119087367835282,1797,1.0
UNIAA,IAA-specific MLLMs,source,AADB,313,239,0.7635782747603834,313,1.0
UNIAA,IAA-specific MLLMs,source,AVA,405,319,0.7876543209876543,405,1.0
UNIAA,IAA-specific MLLMs,source,ICC17K,179,109,0.6089385474860335,178,0.994413407821229
UNIAA,IAA-specific MLLMs,source,PARA,1176,934,0.79421768707483,1176,1.0
UNIAA,IAA-specific MLLMs,source,TAD66k,156,137,0.8782051282051282,156,1.0
UNIAA,IAA-specific MLLMs,source,WILD,3125,2377,0.76064,3125,1.0
UniPercept,IAA-specific MLLMs,dimension,color,999,801,0.8018018018018018,995,0.995995995995996
UniPercept,IAA-specific MLLMs,dimension,composition,1064,879,0.8261278195488722,1064,1.0
UniPercept,IAA-specific MLLMs,dimension,content,787,715,0.9085133418043202,787,1.0
UniPercept,IAA-specific MLLMs,dimension,focus,1271,1070,0.8418568056648308,1270,0.999213217938631
UniPercept,IAA-specific MLLMs,dimension,light,769,584,0.7594278283485045,769,1.0
UniPercept,IAA-specific MLLMs,dimension,sentiment,464,388,0.8362068965517241,464,1.0
UniPercept,IAA-specific MLLMs,question_type,how,1319,1082,0.8203184230477635,1318,0.9992418498862775
UniPercept,IAA-specific MLLMs,question_type,what,2238,1825,0.8154602323503127,2234,0.998212689901698
UniPercept,IAA-specific MLLMs,question_type,yes_no,1797,1530,0.8514190317195326,1797,1.0
UniPercept,IAA-specific MLLMs,source,AADB,313,246,0.7859424920127795,313,1.0
UniPercept,IAA-specific MLLMs,source,AVA,405,299,0.7382716049382716,403,0.9950617283950617
UniPercept,IAA-specific MLLMs,source,ICC17K,179,106,0.5921787709497207,176,0.9832402234636871
UniPercept,IAA-specific MLLMs,source,PARA,1176,997,0.8477891156462585,1176,1.0
UniPercept,IAA-specific MLLMs,source,TAD66k,156,144,0.9230769230769231,156,1.0
UniPercept,IAA-specific MLLMs,source,WILD,3125,2645,0.8464,3125,1.0
